Name,Year,Target,shear_200_850,shear_500_850,shear_200_500,shear_300_800,shear_850_1000,RH_avg,SST_avg
BERTHA,2008,1,26.45599912246704,10.302980805664063,17.65343168106079,21.301064377288817,8.550836624374389,85.24041748046875,26.239129638671898
SHARY,2010,1,27.71362713470459,16.98580764846802,22.6128008203125,20.26718143707276,7.2508583096694945,68.55025482177734,26.487878417968773
FLORENCE,2018,1,36.100856570739744,15.386780983200074,26.78373997558593,29.359290529022218,10.550394145126344,84.19605255126953,25.81429443359372
