Name,Year,Target,shear_200_850,shear_500_850,shear_200_500,shear_300_800,shear_850_1000,RH_avg,SST_avg
MALAKAS,2010,1,46.18792271453857,23.03027253829956,26.242978227233888,32.95986105133057,9.704809952926636,83.32872772216797,302.7495422363281
MEGI,2010,1,29.431301012573243,11.219563311920165,26.545533485565187,19.808186670532226,5.074442707633972,85.45433807373047,302.8561096191406
FANAPI,2010,0,31.027103009643554,15.66770158203125,26.87011918762207,20.323093605804445,19.36930923614502,83.69011688232422,302.1367492675781
